R,Z,phi,v_parallel,time
1.2,0.0,0.0,149346.37115726148,0.0
1.1999999697452035,0.0014885710947864768,-0.00012078887957600864,149346.37113379256,1e-08
1.1999980073078185,0.002977140800762005,-0.0002415789336733152,149346.37104557102,2e-08
1.1999941126921736,0.004465706618544938,-0.00036237004816227646,149346.3708925964,3.0000000000000004e-08
1.199988285905722,0.005954266048763454,-0.00048316210891220204,149346.37067486832,4e-08
1.1999805269590407,0.007442816592059152,-0.00060395500179145,149346.3703923864,5e-08
1.1999708358658303,0.008931355749090649,-0.000724748612667521,149346.37004515028,6e-08
1.1999592126429155,0.010419881020537173,-0.000845542827407154,149346.3696331597,6.999999999999999e-08
1.1999456573102447,0.011908389907102163,-0.0009663375318764195,149346.36915641432,7.999999999999999e-08
1.1999301698908902,0.013396879909516865,-0.0010871326119408155,149346.36861491392,8.999999999999999e-08
1.1999127504110483,0.014885348528543925,-0.0012079279534653621,149346.36800865826,9.999999999999998e-08
1.1998933989000387,0.01637379326498099,-0.0013287234423146957,149346.36733764713,1.0999999999999998e-07
1.199872115390305,0.017862211619664295,-0.0014495189643531643,149346.36660188038,1.2e-07
1.1998488999174142,0.019350601093472267,-0.001570314405444922,149346.36580135784,1.3e-07
1.199823752520057,0.02083895918732912,-0.001691109651454024,149346.3649360794,1.4e-07
1.199796673240048,0.022327283402208454,-0.0018119045882445208,149346.36400604495,1.5000000000000002e-07
1.199767662122325,0.023815571239136836,-0.0019326991016805537,149346.3630112545,1.6000000000000003e-07
1.199736719214949,0.025303820199197413,-0.0020534930776264487,149346.36195170795,1.7000000000000004e-07
1.1997038445691048,0.026792027783533498,-0.002174286401946812,149346.36082740533,1.8000000000000005e-07
1.1996690382391,0.028280191493352168,-0.0022950789605066246,149346.35963834662,1.9000000000000006e-07
1.199632300282366,0.029768308829927863,-0.0024158706391713366,149346.35838453192,2.0000000000000007e-07
1.1995936307594568,0.03125637729460598,-0.0025366613238069625,149346.3570659613,2.1000000000000008e-07
1.19955302973405,0.03274439438880646,-0.0026574509002801755,149346.35568263484,2.200000000000001e-07
1.1995104972729458,0.034232357614027396,-0.0027782392544584023,149346.3542345527,2.300000000000001e-07
1.1994660334460676,0.035720264471848624,-0.0028990262722099185,149346.35272171505,2.400000000000001e-07
1.1994196383264615,0.03720811246393531,-0.003019811839403943,149346.35114412208,2.500000000000001e-07
1.1993713119902965,0.03869589909204156,-0.0031405958419107316,149346.34950177398,2.600000000000001e-07
1.1993210545168638,0.04018362185801401,-0.0032613781656016744,149346.34779467102,2.700000000000001e-07
1.1992688659885775,0.04167127826379541,-0.0033821586963493884,149346.3460228135,2.800000000000001e-07
1.1992147464909744,0.043158865811428235,-0.0035029373200278118,149346.3441862017,2.9000000000000014e-07
1.1991586961127132,0.04464638200305828,-0.003623713922512301,149346.34228483593,3.0000000000000015e-07
1.199100714945575,0.04613382434093823,-0.003744488389679724,149346.3403187166,3.1000000000000016e-07
1.1990408030844633,0.0476211903274313,-0.003865260607408555,149346.33828784406,3.2000000000000017e-07
1.198978960627403,0.049108477465014774,-0.003986030461578969,149346.33619221873,3.300000000000002e-07
1.1989151876755417,0.050595683256283656,-0.004106797838072939,149346.33403184108,3.400000000000002e-07
1.1988494843331483,0.052082805203954224,-0.004227562622774327,149346.33180671156,3.500000000000002e-07
1.1987818507076136,0.053569840810867644,-0.004348324701568981,149346.32951683068,3.600000000000002e-07
1.1987122869094495,0.055056787579993556,-0.00446908396034483,149346.32716219896,3.700000000000002e-07
1.19864079305229,0.05654364301443368,-0.0045898402849919775,149346.32474281697,3.800000000000002e-07
1.19856736925289,0.0580304046174254,-0.004710593561402797,149346.3222586853,3.9000000000000024e-07
1.1984920156311256,0.05951706989234537,-0.004831343675472028,149346.31970980455,4.0000000000000025e-07
1.1984147323099938,0.06100363634271308,-0.004952090513096869,149346.31709617536,4.1000000000000026e-07
1.198335519415613,0.06249010147219449,-0.005072833960177071,149346.31441779842,4.2000000000000027e-07
1.1982543770772214,0.06397646278460561,-0.0051935739026150365,149346.31167467442,4.300000000000003e-07
1.1981713054271785,0.06546271778391607,-0.0053143102263159105,149346.30886680406,4.400000000000003e-07
1.1980863046009642,0.06694886397425276,-0.005435042817187677,149346.30599418812,4.500000000000003e-07
1.1979993747371784,0.06843489885990336,-0.005555771561141253,149346.30305682737,4.600000000000003e-07
1.1979105159775414,0.06992081994532003,-0.005676496344090586,149346.30005472264,4.700000000000003e-07
1.197819728466893,0.0714066247351229,-0.0057972170519527445,149346.29698787475,4.800000000000003e-07
1.1977270123531933,0.07289231073410372,-0.005917933570648014,149346.29385628458,4.900000000000003e-07
1.197632367787522,0.07437787544722947,-0.0060386457860999955,149346.290659953,5.000000000000003e-07
1.197535794924078,0.0758633163796459,-0.006159353584235696,149346.28739888096,5.100000000000003e-07
1.1974372939201792,0.07734863103668117,-0.006280056850985624,149346.2840730694,5.200000000000003e-07
1.1973368649362632,0.07883381692384943,-0.0064007554722838875,149346.2806825193,5.300000000000003e-07
1.1972345081358864,0.0803188715468544,-0.006521449334068285,149346.27722723168,5.400000000000003e-07
1.1971302236857237,0.08180379241159297,-0.006642138322280401,149346.27370720755,5.500000000000003e-07
1.1970240117555688,0.08328857702415882,-0.006762822322865702,149346.27012244798,5.600000000000004e-07
1.1969158725183335,0.08477322289084598,-0.006883501221773633,149346.26647295407,5.700000000000004e-07
1.196805806150048,0.08625772751815244,-0.007004174904957708,149346.26275872695,5.800000000000004e-07
1.1966938128298603,0.08774208841278375,-0.007124843258375608,149346.25897976776,5.900000000000004e-07
1.1965798927400362,0.08922630308165656,-0.007245506167989274,149346.25513607767,6.000000000000004e-07
1.1964640460659592,0.09071036903190231,-0.007366163519765005,149346.2512276579,6.100000000000004e-07
1.19634627299613,0.09219428377087074,-0.007486815199673548,149346.24725450965,6.200000000000004e-07
1.1962265737221667,0.09367804480613352,-0.007607461093690197,149346.24321663423,6.300000000000004e-07
1.196104948438804,0.09516164964548784,-0.007728101087794887,149346.23911403288,6.400000000000004e-07
1.1959813973438935,0.09664509579696,-0.007848735067972287,149346.23494670694,6.500000000000004e-07
1.1958559206384032,0.09812838076880898,-0.007969362920211895,149346.23071465778,6.600000000000005e-07
1.1957285185264175,0.09961150206953008,-0.008089984530508137,149346.22641788673,6.700000000000005e-07
1.1955991912151367,0.10109445720785849,-0.008210599784860457,149346.22205639523,6.800000000000005e-07
1.195467938914877,0.10257724369277288,-0.008331208569273413,149346.2176301847,6.900000000000005e-07
1.1953347618390704,0.10405985903349897,-0.008451810769756775,149346.21313925658,7.000000000000005e-07
1.1951996601672659,0.10554230073614139,-0.008572406272325613,149346.20846297758,7.100000000000005e-07
1.1950626339485277,0.10702456647623038,-0.008692992715002484,149346.20353349636,7.200000000000005e-07
1.1949236834285388,0.10850665380603816,-0.008813569460682647,149346.1985357592,7.300000000000005e-07
1.1947828088354013,0.10998856023551397,-0.008934136395572896,149346.19347315765,7.400000000000005e-07
1.1946400103992902,0.11147028327481366,-0.009054693405899315,149346.18834569384,7.500000000000005e-07
1.1944952883534945,0.1129518204343659,-0.009175240377903238,149346.18315336996,7.600000000000006e-07
1.1943486429344181,0.11443316922487577,-0.009295777197841347,149346.17789618825,7.700000000000006e-07
1.1942000743815786,0.11591432715732834,-0.00941630375198577,149346.17257415093,7.800000000000006e-07
1.1940495829376074,0.11739529174299229,-0.009536819926624165,149346.16718726026,7.900000000000006e-07
1.1938971688482496,0.11887606049342345,-0.00965732560805982,149346.16173551854,8.000000000000006e-07
1.1937428323623633,0.12035663092046843,-0.009777820682611746,149346.15621892808,8.100000000000006e-07
1.19358657373192,0.12183700053626824,-0.009898305036614765,149346.15063749126,8.200000000000006e-07
1.1934283932120033,0.12331716685326183,-0.010018778556419607,149346.14499121046,8.300000000000006e-07
1.1932682910608097,0.12479712738418969,-0.010139241128393007,149346.13928008807,8.400000000000006e-07
1.1931062675396475,0.1262768796420975,-0.01025969263891779,149346.13350412657,8.500000000000006e-07
1.192942322912937,0.12775642114033964,-0.01038013297439297,149346.1276633284,8.600000000000007e-07
1.1927764574482096,0.12923574939258284,-0.010500562021233837,149346.12175769606,8.700000000000007e-07
1.1926086714161084,0.13071486191280973,-0.010620979665872061,149346.1157872321,8.800000000000007e-07
1.192438965090387,0.1321937562153225,-0.010741385794755776,149346.10975193905,8.900000000000007e-07
1.1922673387479101,0.13367242981474645,-0.010861780294349671,149346.10365181952,9.000000000000007e-07
1.1920937926686523,0.13515088022603355,-0.010982163051135092,149346.0974868761,9.100000000000007e-07
1.1919183271356983,0.1366291049644661,-0.01110253395161013,149346.09125711143,9.200000000000007e-07
1.1917409424352423,0.13810710154566022,-0.011222892882289713,149346.0849625282,9.300000000000007e-07
1.191561638856588,0.1395848674855696,-0.0113432397297057,149346.0786031291,9.400000000000007e-07
1.191380416692148,0.14106240030048897,-0.011463574380406974,149346.0721789169,9.500000000000008e-07
1.1911972762374439,0.1425396975070577,-0.011583896720959537,149346.06568989428,9.600000000000008e-07
1.1910122177911053,0.14401675662226343,-0.0117042066379466,149346.05913606408,9.700000000000007e-07
1.19082524165487,0.14549357516344566,-0.011824504017968676,149346.0525174291,9.800000000000006e-07
1.1906363481335833,0.1469701506482993,-0.011944788747643676,149346.04583399222,9.900000000000005e-07
1.190445537535198,0.14844648059487833,-0.012065060713606995,149346.03908575626,1.0000000000000004e-06
1.1902528101707741,0.14992256252159936,-0.012185319802511613,149346.03227272414,1.0100000000000003e-06
1.1900581663544778,0.15139839394724516,-0.012305565901028182,149346.0253948988,1.0200000000000002e-06
1.189861606403582,0.15287397239096837,-0.012425798895845124,149346.0184522832,1.03e-06
1.1896631306384655,0.15434929537229497,-0.012546018673668715,149346.01144488034,1.04e-06
1.1894627393826125,0.15582436041112796,-0.01266622512122319,149346.00437269322,1.05e-06
1.1892604329626124,0.15729916502775093,-0.012786418125250823,149345.99723572488,1.0599999999999998e-06
1.1890562117081598,0.15877370674283162,-0.012906597572512026,149345.99003397842,1.0699999999999997e-06
1.1888500759520535,0.16024798307742555,-0.013026763349785446,149345.98276745694,1.0799999999999996e-06
1.1886420260301969,0.1617219915529796,-0.013146915343868047,149345.97543616354,1.0899999999999995e-06
1.1884320622815965,0.16319572969133556,-0.013267053441575213,149345.96804010143,1.0999999999999994e-06
1.1882201850483627,0.1646691950147338,-0.013387177529740833,149345.9605792738,1.1099999999999993e-06
1.1880063946757087,0.16614238504581677,-0.013507287495217398,149345.95305368383,1.1199999999999992e-06
1.1877906915119503,0.1676152973076327,-0.013627383224876092,149345.9454633348,1.1299999999999991e-06
1.1875730759085057,0.16908792932363903,-0.013747464605606882,149345.93780822997,1.139999999999999e-06
1.1873535482198947,0.17056027861770623,-0.013867531524318615,149345.93008837267,1.149999999999999e-06
1.1871321088037388,0.17203234271412116,-0.01398758386793911,149345.92230376625,1.1599999999999988e-06
1.1869087580207605,0.17350411913759078,-0.014107621523415248,149345.91445441404,1.1699999999999988e-06
1.186683496234783,0.17497560541324575,-0.014227644377713062,149345.90654031947,1.1799999999999987e-06
1.1864563238127295,0.17644679906664396,-0.014347652317817837,149345.89856148593,1.1899999999999986e-06
1.1862272411246233,0.17791769762377416,-0.014467645230734199,149345.8905179169,1.1999999999999985e-06
1.1859962485435873,0.17938829861105954,-0.014587623003486202,149345.88240961588,1.2099999999999984e-06
1.185763346445843,0.1808585995553613,-0.014707585523117428,149345.87423658633,1.2199999999999983e-06
1.1855285352107108,0.1823285979839823,-0.014827532676691076,149345.86599883184,1.2299999999999982e-06
1.1852918152206091,0.18379829142467058,-0.014947464351290053,149345.85769635596,1.239999999999998e-06
1.185053186861054,0.185267677405623,-0.01506738043401707,149345.8493291623,1.249999999999998e-06
1.1848126505206595,0.1867367534554888,-0.015187280811994731,149345.84089725447,1.2599999999999979e-06
1.184570206591136,0.18820551710337316,-0.015307165372365625,149345.83240063614,1.2699999999999978e-06
1.1843258554672906,0.18967396587884092,-0.015427034002292424,149345.823839311,1.2799999999999977e-06
1.1840795975470262,0.19114209731191997,-0.015546886588957967,149345.81521328277,1.2899999999999976e-06
1.1838314332313413,0.19260990893310503,-0.015666723019565357,149345.8065225552,1.2999999999999975e-06
1.18358136292433,0.1940773982733611,-0.01578654318133805,149345.79776713208,1.3099999999999974e-06
1.1833293870331805,0.1955445628641271,-0.015906346961519952,149345.7889470172,1.3199999999999973e-06
1.1830755059681757,0.19701140023731956,-0.01602613424737551,149345.78006221435,1.3299999999999972e-06
1.1828197201426922,0.19847790792533596,-0.016145904926189798,149345.77111272747,1.3399999999999971e-06
1.1825620299732,0.19994408346105857,-0.016265658885268614,149345.7620985604,1.349999999999997e-06
1.182302435879262,0.20140992437785796,-0.01638539601193858,149345.75301971709,1.359999999999997e-06
1.1820409382835333,0.20287542820959648,-0.016505116193547213,149345.74387620148,1.3699999999999968e-06
1.1817775376117612,0.204340592490632,-0.01662481931746304,149345.73466801754,1.3799999999999967e-06
1.1815122342927844,0.2058054147558214,-0.016744505271075676,149345.7253951693,1.3899999999999966e-06
1.1812450287585325,0.20726989254052422,-0.01686417394179592,149345.71605766081,1.3999999999999965e-06
1.1809759214440259,0.20873402338060618,-0.016983825217055843,149345.70665549612,1.4099999999999965e-06
1.1807049127873748,0.21019780481244285,-0.017103458984308893,149345.69718867933,1.4199999999999964e-06
1.180432003229779,0.2116612343729232,-0.01722307513102997,149345.68765721458,1.4299999999999963e-06
1.1801571932155277,0.21312430959945314,-0.017342673544715526,149345.678061106,1.4399999999999962e-06
1.1798804831919982,0.21458702802995916,-0.01746225411288366,149345.66840035783,1.449999999999996e-06
1.1796018736096565,0.21604938720289193,-0.017581816723074208,149345.65867497423,1.459999999999996e-06
1.1793213649220557,0.21751138465722988,-0.01770136126284883,149345.6488849595,1.4699999999999959e-06
1.1790389575858362,0.21897301793248272,-0.017820887619791097,149345.63903031786,1.4799999999999958e-06
1.178754652060725,0.22043428456869513,-0.017940395681506606,149345.62911105365,1.4899999999999957e-06
1.1784684488095354,0.2218951821064503,-0.01805988533562305,149345.61912717123,1.4999999999999956e-06
1.1781803482981656,0.22335570808687344,-0.01817935646979032,149345.60907867493,1.5099999999999955e-06
1.1778903509955998,0.22481586005163554,-0.01829880897168058,149345.59896556914,1.5199999999999954e-06
1.177598457373906,0.22627563554295677,-0.01841824272898839,149345.58878785832,1.5299999999999953e-06
1.1773046679082368,0.22773503210361024,-0.01853765762943077,149345.5785455469,1.5399999999999952e-06
1.1770089830768278,0.2291940472769254,-0.018657053560747306,149345.56823863933,1.5499999999999951e-06
1.1767114033609978,0.23065267860679187,-0.01877643041070023,149345.5578671402,1.559999999999995e-06
1.1764119292451483,0.23211092363766272,-0.018895788067074527,149345.54743105397,1.569999999999995e-06
1.1761105612167622,0.23356877991455832,-0.019015126417678014,149345.53693038528,1.5799999999999948e-06
1.1758072997664042,0.23502624498306982,-0.01913444535034144,149345.5263651387,1.5899999999999947e-06
1.1755021453877197,0.23648331638936268,-0.019253744752918567,149345.51573531888,1.5999999999999946e-06
1.1751950985774344,0.2379399916801804,-0.019373024513286277,149345.50504093047,1.6099999999999945e-06
1.1748861598353537,0.23939626840284797,-0.019492284519344653,149345.49428197817,1.6199999999999944e-06
1.1745753296643622,0.24085214410527553,-0.019611524659017065,149345.4834584667,1.6299999999999943e-06
1.174262608570423,0.2423076163359619,-0.01973074482025028,149345.47257040083,1.6399999999999943e-06
1.1739479970625777,0.24376268264399822,-0.019849944891014534,149345.4616177853,1.6499999999999942e-06
1.173631495652945,0.24521734057907155,-0.019969124759303642,149345.45060062496,1.659999999999994e-06
1.1733131048567207,0.24667158769146838,-0.020088284313135068,149345.4395189246,1.669999999999994e-06
1.172992825192177,0.24812542153207826,-0.02020742344055004,149345.42837268914,1.6799999999999939e-06
1.172670657180662,0.24957883965239736,-0.02032654202961362,149345.41716192348,1.6899999999999938e-06
1.1723466013465988,0.25103183960453207,-0.02044563996841481,149345.40588663254,1.6999999999999937e-06
1.1720206582174855,0.25248441894120266,-0.020564717145066642,149345.39454682125,1.7099999999999936e-06
1.1716928283238937,0.2539365752157467,-0.02068377344770626,149345.38314249465,1.7199999999999935e-06
1.171363112199469,0.2553883059821228,-0.02080280876449502,149345.37167365773,1.7299999999999934e-06
1.17103151038093,0.25683960879491413,-0.020921822983618575,149345.36014031555,1.7399999999999933e-06
1.170698023408067,0.25829048120933196,-0.02104081599328698,149345.3485424732,1.7499999999999932e-06
1.1703626518237427,0.25974092078121924,-0.021159787681734765,149345.3368801358,1.759999999999993e-06
1.1700253961738905,0.2611909250670544,-0.02127873793722104,149345.32515330845,1.769999999999993e-06
1.1696862570075144,0.2626404916239546,-0.021397666648029577,149345.31336199638,1.779999999999993e-06
1.1693452348766882,0.26408961800967956,-0.021516573702468907,149345.30150620473,1.7899999999999928e-06
1.1690023303365553,0.26553830178263504,-0.02163545898887241,149345.28958593876,1.7999999999999927e-06
1.1686575439453275,0.2669865405018765,-0.02175432239559841,149345.27760120374,1.8099999999999926e-06
1.1683108762642849,0.26843433172711245,-0.02187316381103026,149345.26555200494,1.8199999999999925e-06
1.1679623278577747,0.26988167301870847,-0.021991983123576433,149345.25343834772,1.8299999999999924e-06
1.1676118992932112,0.27132856193769034,-0.02211078022167062,149345.24126023738,1.8399999999999923e-06
1.167259591141075,0.27277499604574784,-0.02222955499377181,149345.22901767935,1.8499999999999922e-06
1.166905403974912,0.2742209729052384,-0.0223483073283644,149345.21671067903,1.8599999999999921e-06
1.1665493383713332,0.27566649007919053,-0.02246703711395826,149345.20433924184,1.869999999999992e-06
1.166191394910014,0.2771115451313074,-0.022585744239088854,149345.19190337328,1.879999999999992e-06
1.165831574173693,0.27855613562597065,-0.022704428592317305,149345.17940307883,1.8899999999999919e-06
1.1654698767481724,0.2800002591282436,-0.022823090062230503,149345.16683836404,1.8999999999999918e-06
1.1651063032223163,0.2814439132038752,-0.022941728537441183,149345.15420923446,1.909999999999992e-06
1.1647408541880508,0.28288709541930335,-0.02306034390658803,149345.14151569572,1.9199999999999918e-06
1.164373530240363,0.28432980334165864,-0.023178936058335764,149345.1287577534,1.9299999999999917e-06
1.1640043319773004,0.2857720345387678,-0.023297504881375223,149345.1159354132,1.9399999999999916e-06
1.1636332599999701,0.2872137865791575,-0.023416050264423467,149345.10304868076,1.9499999999999915e-06
1.1632603149125385,0.2886550570320576,-0.02353457209622386,149345.09009756183,1.9599999999999914e-06
1.1628854973222302,0.2900958434674051,-0.023653070265546167,149345.07708206214,1.9699999999999913e-06
1.162508807839328,0.2915361434558473,-0.023771544661186642,149345.0640021875,1.979999999999991e-06
1.162130247077171,0.29297595456874576,-0.023889995171968118,149345.05085794366,1.989999999999991e-06
1.1617498156521555,0.29441527437817977,-0.0240084216867401,149345.0376493365,1.999999999999991e-06
1.161367514183733,0.2958541004569498,-0.02412682409437886,149345.02437637188,2.009999999999991e-06
1.1609833432944099,0.2972924303785813,-0.024245202283787515,149345.01103905568,2.019999999999991e-06
1.1605973036097474,0.29873026171732797,-0.024363556143896133,149344.99763739386,2.0299999999999907e-06
1.1602093957583604,0.30016759204817567,-0.02448188556366181,149344.98417139234,2.0399999999999906e-06
1.159819620371916,0.3016044189468458,-0.024600190432068778,149344.97064105715,2.0499999999999905e-06
1.1594279780851342,0.30304073998979897,-0.024718470638128473,149344.9570463943,2.0599999999999904e-06
1.1590344695357866,0.30447655275423846,-0.024836726070879653,149344.94338740985,2.0699999999999903e-06
1.158639095364695,0.30591185481811395,-0.024954956619388464,149344.92966410986,2.0799999999999902e-06
1.1582418562157322,0.307346643760125,-0.025073162172748544,149344.91587650048,2.08999999999999e-06
1.1578427527358195,0.30878091715972467,-0.025191342620081113,149344.90202458782,2.09999999999999e-06
1.1574417855749277,0.31021467259712304,-0.025309497850535063,149344.88810837807,2.10999999999999e-06
1.1570389553860752,0.31164790765329087,-0.025427627753287045,149344.87412787744,2.11999999999999e-06
1.1566342627573425,0.3130806198980693,-0.0255457321288703,149344.85991583962,2.1299999999999898e-06
1.1562277078414696,0.3145128069824154,-0.025663808269276313,149344.84548438457,2.1399999999999897e-06
1.1558192913493517,0.3159444665003003,-0.025781856064192393,149344.83098820533,2.1499999999999896e-06
1.155409013947757,0.3173755960347471,-0.02589987540352976,149344.81642730892,2.1599999999999895e-06
1.1549968763064995,0.31880619316956266,-0.026017866177237024,149344.8018017024,2.1699999999999894e-06
1.1545828790984378,0.32023625548934104,-0.02613582827530027,149344.78711139277,2.1799999999999893e-06
1.1541670229994747,0.32166578057946693,-0.026253761587743136,149344.7723563872,2.189999999999989e-06
1.1537493086885564,0.3230947660261195,-0.026371666004626922,149344.7575366928,2.199999999999989e-06
1.1533297368476716,0.3245232094162756,-0.026489541416050654,149344.74265231675,2.209999999999989e-06
1.1529083081618505,0.32595110833771385,-0.026607387712151175,149344.72770326625,2.219999999999989e-06
1.152485023319165,0.3273784603790178,-0.02672520478310323,149344.71268954853,2.229999999999989e-06
1.1520598830107267,0.32880526312957964,-0.02684299251911956,149344.69761117082,2.2399999999999887e-06
1.151632887930687,0.3302315141796038,-0.026960750810450972,149344.68246814044,2.2499999999999886e-06
1.1512040387762357,0.33165721112011054,-0.02707847954738644,149344.66726046475,2.2599999999999885e-06
1.150773336247601,0.33308235154293947,-0.027196178620253184,149344.65198815108,2.2699999999999884e-06
1.1503407810480477,0.33450693304075324,-0.027313847919416743,149344.63665120682,2.2799999999999883e-06
1.1499063738838775,0.3359309532070409,-0.027431487335281085,149344.6212496394,2.2899999999999882e-06
1.1494701154644271,0.3373544096361218,-0.027549096758288674,149344.60578345627,2.299999999999988e-06
1.1490320065020685,0.33877729992314876,-0.027666676078920555,149344.59025266493,2.309999999999988e-06
1.1485920477122074,0.34019962166411205,-0.027784225187696448,149344.5746572729,2.319999999999988e-06
1.1481502398132826,0.3416213724558427,-0.02790174397517483,149344.55899728774,2.329999999999988e-06
1.1477065835267655,0.3430425498960162,-0.02801923233195302,149344.54327271704,2.3399999999999878e-06
1.1472610795771587,0.344463151583156,-0.028136690148667255,149344.5274835684,2.3499999999999877e-06
1.146813728691996,0.34588317511663713,-0.028254117315992793,149344.51162984953,2.3599999999999876e-06
1.1463645316018407,0.34730261809668983,-0.02837151372464398,149344.49571156804,2.3699999999999875e-06
1.1459134890402853,0.34872147812440296,-0.02848887926537435,149344.4797287317,2.3799999999999874e-06
1.1454606017439508,0.35013975280172777,-0.028606213828976695,149344.46368134825,2.3899999999999873e-06
1.1450058704524853,0.3515574397314813,-0.02872351730628316,149344.44756942545,2.399999999999987e-06
1.1445492959085635,0.3529745365173501,-0.028840789588165324,149344.43139297114,2.409999999999987e-06
1.1440908788578863,0.35439104076389377,-0.02895803056553429,149344.41515199313,2.419999999999987e-06
1.1436306200491793,0.3558069500765484,-0.029075240129340756,149344.39884649936,2.429999999999987e-06
1.143168520234192,0.3572222620616303,-0.029192418170575118,149344.3824764977,2.439999999999987e-06
1.1427045801676974,0.3586369743263397,-0.02930956458026754,149344.3660419961,2.4499999999999867e-06
1.1422388006074908,0.36005108447876377,-0.029426679249488046,149344.34954300258,2.4599999999999866e-06
1.1417711823143892,0.3614645901278809,-0.0295437620693466,149344.33297952512,2.4699999999999865e-06
1.14130172605223,0.36287748888356386,-0.029660812930993194,149344.31635157176,2.4799999999999864e-06
1.1408304325878706,0.3642897783565834,-0.029777831725617935,149344.2996591506,2.4899999999999863e-06
1.1403573026911875,0.3657014561586119,-0.029894818344451117,149344.2829022697,2.4999999999999862e-06
1.139882337135075,0.36711251990222693,-0.030011772678763322,149344.26608093726,2.509999999999986e-06
1.139405536695445,0.3685229672009148,-0.030128694619865493,149344.24919516145,2.519999999999986e-06
1.1389269021512254,0.3699327956690742,-0.03024558405910902,149344.23224495046,2.529999999999986e-06
1.1384464342843597,0.3713420029220197,-0.030362440887885825,149344.21523031252,2.539999999999986e-06
1.1379641338798059,0.37275058657598525,-0.03047926499762845,149344.19815125593,2.5499999999999857e-06
1.137480001725536,0.37415854424812794,-0.03059605627981014,149344.181007789,2.5599999999999857e-06
1.1369940386125346,0.3755658735565315,-0.03071281462594492,149344.1637999201,2.5699999999999856e-06
1.136506245334798,0.3769725721202097,-0.03082953992758768,149344.14652765752,2.5799999999999855e-06
1.1360166226893342,0.37837863755911016,-0.030946232076334273,149344.12919100974,2.5899999999999854e-06
1.1355251714761607,0.3797840674941178,-0.031062890963821584,149344.11178998518,2.5999999999999853e-06
1.1350318924983045,0.38118885954705845,-0.03117951648172762,149344.09432459233,2.609999999999985e-06
1.1345367865618008,0.3825930113407024,-0.031296108521771594,149344.07679483967,2.619999999999985e-06
1.1340398544756924,0.3839965204987679,-0.031412666975714,149344.05920073576,2.629999999999985e-06
1.1335410970520285,0.38539938464592494,-0.03152919173535672,149344.04154228917,2.639999999999985e-06
1.1330405151058638,0.3868016014077985,-0.031645682692543066,149344.0238195085,2.649999999999985e-06
1.1325381094552578,0.38820316841097247,-0.031762139739157924,149344.0060324024,2.6599999999999847e-06
1.1320338809212735,0.3896040832829929,-0.03187856276712778,149343.98818097953,2.6699999999999846e-06
1.131527830327977,0.3910043436523718,-0.03199495166842083,149343.97026524862,2.6799999999999845e-06
1.131019958502436,0.39240394714859056,-0.03211130633504707,149343.95228521837,2.6899999999999844e-06
1.1305102662747197,0.3938028914021036,-0.03222762665905837,149343.9342408976,2.6999999999999843e-06
1.1299987544778964,0.395201174044342,-0.03234391253254855,149343.9161322951,2.7099999999999842e-06
1.1294854239480343,0.39659879270771686,-0.032460163847653475,149343.8979594197,2.719999999999984e-06
1.128970275524199,0.397995745025623,-0.032576380496551136,149343.8797222803,2.729999999999984e-06
1.128453310048454,0.3993920286324426,-0.03269256237146173,149343.8614208858,2.739999999999984e-06
1.1279345283658584,0.4007876411635486,-0.032808709364647755,149343.84305524515,2.749999999999984e-06
1.1274139313244669,0.40218258025530834,-0.03292482136841408,149343.8246253673,2.7599999999999837e-06
1.1268915197753282,0.4035768435450872,-0.03304089827510802,149343.80613126128,2.7699999999999836e-06
1.1263672945724845,0.40497042867125205,-0.03315693997711945,149343.78757293613,2.7799999999999835e-06
1.1258412565729705,0.4063633332731748,-0.033272946366880864,149343.7689504009,2.7899999999999835e-06
1.125313406636812,0.40775555499123617,-0.03338891733686747,149343.75026366476,2.7999999999999834e-06
1.1247837456270253,0.409147091466829,-0.03350485277959725,149343.7315127368,2.8099999999999833e-06
1.1242522744096164,0.4105379403423619,-0.03362075258763108,149343.7126976262,2.819999999999983e-06
1.1237189938535792,0.41192809926126295,-0.03373661665357278,149343.6938183422,2.829999999999983e-06
1.1231839048308956,0.413317565867983,-0.033852444870069234,149343.67487489406,2.839999999999983e-06
1.1226470082165336,0.41470633780799954,-0.03396823712981042,149343.655867291,2.849999999999983e-06
1.1221083048884468,0.41609441272782,-0.034083993325529534,149343.63679554238,2.8599999999999828e-06
1.1215677957275736,0.4174817882749854,-0.034199713350003075,149343.61765965752,2.8699999999999827e-06
1.1210254816178353,0.418868462098074,-0.0343153970960509,149343.59845964584,2.8799999999999826e-06
1.120481363446136,0.42025443184670475,-0.034431044456536324,149343.57919551674,2.8899999999999825e-06
1.119935442102361,0.42163969517154093,-0.03454665532436621,149343.55986727963,2.8999999999999824e-06
1.1193877184793768,0.42302424972429364,-0.03466222959249103,149343.54047494405,2.9099999999999823e-06
1.1188381934730285,0.4244080931577254,-0.03477776715390497,149343.52101851947,2.919999999999982e-06
1.1182868679821398,0.42579122312565365,-0.034893267901646,149343.50149801548,2.929999999999982e-06
1.1177337429085121,0.4271736372829545,-0.035008731728795955,149343.48191344165,2.939999999999982e-06
1.117178819156923,0.428555333285566,-0.03512415852848063,149343.4622648076,2.949999999999982e-06
1.1166220976351253,0.42993630879049194,-0.035239548193869846,149343.442552123,2.959999999999982e-06
1.1160635792538465,0.43131656145580527,-0.03535490061817755,149343.42277539748,2.9699999999999817e-06
1.1155032649267869,0.43269608894065176,-0.0354702156946619,149343.40293464085,2.9799999999999816e-06
1.1149411555706192,0.4340748889052535,-0.0355854933166253,149343.3830298628,2.9899999999999815e-06
1.1143772521049875,0.43545295901091235,-0.03570073337741455,149343.36306107315,2.9999999999999814e-06
1.1138115554525057,0.43683029692001385,-0.035815935770420894,149343.34302828173,3.0099999999999813e-06
1.1132440665387568,0.4382069002960304,-0.035931100389080095,149343.32293149838,3.0199999999999812e-06
1.112674786292292,0.43958276680352487,-0.03604622712687254,149343.302770733,3.029999999999981e-06
1.1121037156446296,0.4409578941081544,-0.036161315877323304,149343.28254599552,3.039999999999981e-06
1.1115308555302534,0.44233227987667373,-0.036276366534002236,149343.26225729592,3.049999999999981e-06
1.1109562068866123,0.44370592177693885,-0.036391378990524054,149343.24190464418,3.059999999999981e-06
1.110379770654119,0.4450788174779105,-0.03650635314054841,149343.22148805033,3.0699999999999808e-06
1.1098015477761485,0.4464509646496578,-0.03662128887777998,149343.20100752445,3.0799999999999807e-06
1.1092215391990379,0.44782236096336164,-0.03673618609596856,149343.18046307663,3.0899999999999806e-06
1.1086397458720845,0.44919300409131857,-0.0368510446889091,149343.15985471703,3.0999999999999805e-06
1.1080561687475452,0.45056289170694397,-0.03696586455044186,149343.1391824558,3.1099999999999804e-06
1.1074708087806353,0.45193202148477585,-0.03708064557445242,149343.11844630315,3.1199999999999803e-06
1.1068836669295272,0.45330039110047826,-0.03719538765487181,149343.0976462693,3.12999999999998e-06
1.1062947441553497,0.45466799823084497,-0.03731009068567658,149343.07678236457,3.13999999999998e-06
1.1057040414221861,0.456034840553803,-0.037424754560888875,149343.05585459925,3.14999999999998e-06
1.1051115596970744,0.457400915748416,-0.037539379174576504,149343.03486298368,3.15999999999998e-06
1.104517299950005,0.4587662214948881,-0.03765396442085306,149343.01380752822,3.16999999999998e-06
1.1039212631539201,0.46013075547456717,-0.03776851019387797,149342.9926882433,3.1799999999999797e-06
1.1033234502847125,0.46149451536994857,-0.03788301638785658,149342.9715051394,3.1899999999999796e-06
1.1027238623212245,0.4628574988646786,-0.03799748289704025,149342.95025822698,3.1999999999999795e-06
1.102122500245247,0.4642197036435581,-0.03811190961572643,149342.92894751654,3.2099999999999794e-06
1.1015193650415178,0.4655811273925459,-0.038226296438258735,149342.90757301866,3.2199999999999793e-06
1.100914457697721,0.4669417677987626,-0.038340643259027044,149342.88613474392,3.2299999999999792e-06
1.1003077792044857,0.4683016225504939,-0.03845494997246755,149342.86463270296,3.239999999999979e-06
1.099699330555385,0.4696606893371941,-0.03856921647306289,149342.8430669064,3.249999999999979e-06
1.0990891127469344,0.47101896584948993,-0.03868344265534217,149342.82143736497,3.259999999999979e-06
1.098477126778591,0.47237644977918386,-0.03879762841388108,149342.7997440894,3.269999999999979e-06
1.0978633736527528,0.4737331388192577,-0.03891177364330199,149342.77798709043,3.2799999999999788e-06
1.0972478543747561,0.47508903066387626,-0.039025878238273984,149342.75616637888,3.2899999999999787e-06
1.0966305699528762,0.47644412300839073,-0.039139942093512986,149342.7342819656,3.2999999999999786e-06
1.096011521398325,0.47779841354934227,-0.03925396510378182,149342.71233386142,3.3099999999999785e-06
1.0953907097252502,0.47915189998446567,-0.03936794716389029,149342.69032207728,3.3199999999999784e-06
1.094768135950734,0.48050458001269275,-0.03948188816869528,149342.66824662412,3.3299999999999783e-06
1.0941438010947921,0.48185645133415594,-0.03959578801310081,149342.6461075129,3.339999999999978e-06
1.0935177061803727,0.483207511650192,-0.03970964659205813,149342.62390475464,3.349999999999978e-06
1.0928898522333546,0.4845577586633452,-0.03982346380056581,149342.6016383604,3.359999999999978e-06
1.092260240282547,0.48590719007737126,-0.0399372395336698,149342.57930834123,3.369999999999978e-06
1.0916288713596876,0.48725580359724063,-0.04005097368646353,149342.5569147083,3.379999999999978e-06
1.0909957464994413,0.48860359692914207,-0.04016466615408798,149342.5344574727,3.3899999999999777e-06
1.0903608667394,0.48995056778048635,-0.04027831683173177,149342.5119366457,3.3999999999999776e-06
1.0897242331200803,0.4912967138599096,-0.04039192561463122,149342.48935223845,3.4099999999999775e-06
1.0890858466849225,0.4926420328772769,-0.040505492398070476,149342.46670426228,3.4199999999999774e-06
1.0884457084802903,0.493986522543686,-0.04061901707738154,149342.44399272843,3.4299999999999773e-06
1.0878038195554682,0.49533018057147055,-0.04073249954794437,149342.42121764825,3.4399999999999772e-06
1.0871601809626616,0.49667300467420383,-0.040845939705186976,149342.39837903314,3.449999999999977e-06
1.0865147937569946,0.49801499256670234,-0.040959337444585485,149342.37547689446,3.459999999999977e-06
1.085867658996509,0.4993561419650292,-0.041072692661664224,149342.3525112437,3.469999999999977e-06
1.085218777742164,0.5006964505864978,-0.041186005251995804,149342.3294820923,3.479999999999977e-06
1.0845681510578333,0.5020359161496752,-0.04129927511120119,149342.30638945175,3.4899999999999767e-06
1.0839157800103054,0.5033745363743858,-0.041412502134949805,149342.28323333364,3.4999999999999767e-06
1.0832616656692815,0.5047123089817148,-0.041525686218959586,149342.26001374953,3.5099999999999766e-06
1.0826058091073743,0.5060492316940118,-0.04163882725899708,149342.23673071107,3.5199999999999765e-06
1.0819482114001073,0.5073853022348944,-0.04175192515087751,149342.2133842299,3.5299999999999764e-06
1.0812888736259132,0.5087205183292515,-0.04186497979046487,149342.1899743177,3.5399999999999763e-06
1.0806277968661322,0.51005487771597,-0.04197799092348389,149342.16350792124,3.549999999999976e-06
1.0799649822156687,0.5113883780987519,-0.04209095839307509,149342.13455965533,3.559999999999976e-06
1.0793004307595684,0.5127210171848791,-0.04220388201607708,149342.1093100875,3.569999999999976e-06
1.0786341436764455,0.5140527927398021,-0.04231676229041837,149342.087740634,3.579999999999976e-06
1.0779661220672492,0.5153837025185047,-0.042429599378879974,149342.0678652872,3.589999999999976e-06
1.0772963666047446,0.5167137441612972,-0.04254239199025471,149342.04395198994,3.5999999999999757e-06
1.0766248780529586,0.5180429152826672,-0.04265513889702299,149342.0185860011,3.6099999999999756e-06
1.0759516575442123,0.5193712136099422,-0.04276784006280903,149341.99315292988,3.6199999999999755e-06
1.0752767061859707,0.5206986368787482,-0.0428804953875951,149341.96765279066,3.6299999999999754e-06
1.074600025088596,0.522025182826028,-0.042993104771421924,149341.9420855978,3.6399999999999753e-06
1.0739216153653466,0.5233508491900442,-0.04310566811438874,149341.91645136575,3.6499999999999752e-06
1.073241478132375,0.5246756337103834,-0.043218185316653376,149341.89075010893,3.659999999999975e-06
1.072559614508727,0.5259995341279593,-0.04333065627843231,149341.86498184188,3.669999999999975e-06
1.0718760256163409,0.5273225481850163,-0.04344308090000073,149341.83914657915,3.679999999999975e-06
1.0711907125800448,0.5286446736251332,-0.04355545908169265,149341.8132443353,3.689999999999975e-06
1.0705036765275568,0.5299659081932264,-0.043667790723900944,149341.78727512495,3.6999999999999747e-06
1.0698149185894823,0.5312862496355538,-0.04378007572707741,149341.7612389628,3.7099999999999746e-06
1.0691244398993134,0.5326056956997182,-0.04389231399173286,149341.73513586354,3.7199999999999745e-06
1.0684322415934273,0.5339242441346704,-0.04400450541843718,149341.7089658419,3.7299999999999745e-06
1.0677383248110854,0.5352418926907136,-0.04411664990781942,149341.68272891268,3.7399999999999744e-06
1.0670426906944315,0.5365586391195063,-0.044228747360567824,149341.6564250907,3.7499999999999743e-06
1.0663453403884902,0.5378744811740657,-0.04434079767742995,149341.63005439084,3.759999999999974e-06
1.0656462750411662,0.5391894166087717,-0.04445280075921268,149341.60361682798,3.769999999999974e-06
1.0649454958032423,0.5405034431793703,-0.04456475650678235,149341.5771124171,3.779999999999974e-06
1.0642430038283786,0.5418165586429767,-0.044676664821064783,149341.5505411731,3.789999999999974e-06
1.0635388002731105,0.5431287607580795,-0.04478852560304537,149341.5239031111,3.7999999999999738e-06
1.0628328862968481,0.5444400472845435,-0.04490033875376914,149341.49719824616,3.8099999999999737e-06
1.062125263061874,0.5457504159836141,-0.045012104174340824,149341.47042659335,3.819999999999974e-06
1.0614159317333423,0.5470598646179198,-0.04512382176592492,149341.44358816784,3.8299999999999735e-06
1.060704893479277,0.5483683909514764,-0.04523549142974579,149341.4166829848,3.839999999999973e-06
1.0599921494705715,0.5496759927496905,-0.04534711306708769,149341.38971105948,3.849999999999973e-06
1.0592777008809857,0.5509826677793627,-0.045458686579294874,149341.36267240715,3.859999999999973e-06
1.0585615488871458,0.5522884138086913,-0.04557021186777163,149341.3355670431,3.869999999999973e-06
1.0578436946685423,0.5535932286072759,-0.04568168883398239,149341.3083949827,3.879999999999973e-06
1.0571241394075288,0.5548971099461207,-0.04579311737945175,149341.28115624134,3.889999999999973e-06
1.0564028842893203,0.5562000555976383,-0.045904497405764584,149341.25385083444,3.899999999999973e-06
1.0556799305019924,0.5575020633356528,-0.04601582881456608,149341.22647877748,3.909999999999973e-06
1.0549552792364791,0.5588031309354036,-0.046127111507561845,149341.19904008595,3.919999999999973e-06
1.0542289316865723,0.5601032561735491,-0.04623834538651792,149341.17153477544,3.9299999999999725e-06
1.0535008890489193,0.5614024368281697,-0.0463495303532609,149341.14396286153,3.9399999999999724e-06
1.052771152523022,0.5627006706787718,-0.046460666309677975,149341.11632435987,3.949999999999972e-06
1.0520397233112353,0.5639979555062911,-0.046571753157717014,149341.08861928614,3.959999999999972e-06
1.051306602618766,0.5652942890930958,-0.046682790799386614,149341.06084765602,3.969999999999972e-06
1.0505717916536708,0.5665896692229908,-0.04679377913675619,149341.03300948528,3.979999999999972e-06
1.049835291626855,0.5678840936812207,-0.04690471807195602,149341.00510478974,3.989999999999972e-06
1.0490971037520713,0.5691775602544735,-0.04701560750717734,149340.97713358526,3.999999999999972e-06
1.0483572292459182,0.570470066730884,-0.04712644734467239,149340.94909588766,4.009999999999972e-06
1.0476156693278385,0.5717616109000372,-0.04723723748675449,149340.92099171292,4.019999999999972e-06
1.0468724252201176,0.5730521905529722,-0.04734797783579812,149340.89282107697,4.029999999999972e-06
1.0461274981478825,0.5743418034821854,-0.047458668294238955,149340.86458399583,4.0399999999999715e-06
1.0453808893391001,0.575630447481634,-0.04756930876457397,149340.83628048553,4.049999999999971e-06
1.0446326000245758,0.5769181203467397,-0.04767989914936149,149340.80791056217,4.059999999999971e-06
1.0438826314379517,0.5782048198743919,-0.047790439351221264,149340.7794742419,4.069999999999971e-06
1.0431309848157053,0.5794905438629514,-0.047900929272834514,149340.75097154084,4.079999999999971e-06
1.0423776613971483,0.5807752901122542,-0.048011368816944025,149340.72240247525,4.089999999999971e-06
1.0416226624244247,0.5820590564236141,-0.04812175788635421,149340.69376706134,4.099999999999971e-06
1.0408659891425094,0.5833418405998274,-0.04823209638393117,149340.66506531544,4.109999999999971e-06
1.0401076427992069,0.5846236404451753,-0.04834238421260275,149340.63629725386,4.119999999999971e-06
1.0393476246451494,0.5859044537654282,-0.04845262127535864,149340.607462893,4.129999999999971e-06
1.0385859359337957,0.5871842783678487,-0.04856280747525041,149340.57856224925,4.1399999999999705e-06
1.0378225779214294,0.5884631120611953,-0.04867294271539158,149340.5495953391,4.1499999999999704e-06
1.0370575518671576,0.5897409526557259,-0.04878302689895773,149340.52056217904,4.15999999999997e-06
1.0362908590329094,0.5910177979632012,-0.048893059929186494,149340.49146278558,4.16999999999997e-06
1.0355225006834339,0.5922936457968884,-0.04900304170937769,149340.46229717534,4.17999999999997e-06
1.034752478086299,0.5935684939715643,-0.04911297214289336,149340.43306536495,4.18999999999997e-06
1.0339807925118902,0.5948423403035193,-0.04922285113315784,149340.40376737106,4.19999999999997e-06
1.0332074452334084,0.5961151826105605,-0.04933267858365781,149340.37440321036,4.20999999999997e-06
1.0324324375268688,0.5973870187120154,-0.0494424543979424,149340.34497289962,4.21999999999997e-06
1.0316557706710991,0.5986578464287351,-0.04955217847962323,149340.31547645567,4.22999999999997e-06
1.0308774459477386,0.5999276635830983,-0.04966185073237448,149340.2859138953,4.2399999999999696e-06
1.0300974646412353,0.6011964679990145,-0.049771471059932945,149340.25628523537,4.2499999999999695e-06
1.029315828038846,0.6024642575019271,-0.049881039366098126,149340.22659049285,4.259999999999969e-06
1.028532537430633,0.6037310299188177,-0.04999055555473229,149340.19682968466,4.269999999999969e-06
1.0277475941094645,0.6049967830782088,-0.05010001952976051,149340.16700282783,4.279999999999969e-06
1.0269609993710107,0.606261514810168,-0.050209431195170774,149340.1371099394,4.289999999999969e-06
1.0261727545137445,0.6075252229463108,-0.050318790455014015,149340.1071510364,4.299999999999969e-06
1.0253828608389384,0.6087879053198046,-0.050428097213404195,149340.07712613602,4.309999999999969e-06
1.0245913196506635,0.610049559765372,-0.05053735137451837,149340.0470352554,4.319999999999969e-06
1.023798132255788,0.611310184119294,-0.05064655284259675,149340.01687841179,4.329999999999969e-06
1.0230032999639753,0.6125697762194142,-0.05075570152194276,149339.9866556224,4.339999999999969e-06
1.0222068240876825,0.6138283339051415,-0.05086479731692313,149339.95636690455,4.3499999999999685e-06
1.0214087059421588,0.6150858550174539,-0.050973840131967936,149339.92601227554,4.359999999999968e-06
1.020608946845444,0.6163423373989023,-0.05108282987157067,149339.89559175278,4.369999999999968e-06
1.0198075481183668,0.6175977788936134,-0.051191766440288326,149339.8651053537,4.379999999999968e-06
1.0190045110845432,0.6188521773472936,-0.05130064974274143,149339.83455309574,4.389999999999968e-06
1.0181998370703749,0.6201055306072321,-0.051409479683614125,149339.80393499645,4.399999999999968e-06
1.0173935274050476,0.6213578365223047,-0.05151825616765426,149339.77325107335,4.409999999999968e-06
1.0165855834205297,0.6226090929429774,-0.0516269790996734,149339.742501344,4.419999999999968e-06
1.0157760064515702,0.6238592977213093,-0.051735648384546945,149339.7116858261,4.429999999999968e-06
1.0149647978356973,0.6251084487109567,-0.05184426392721417,149339.68080453726,4.439999999999968e-06
1.0141519589132166,0.6263565437671761,-0.051952825632678286,149339.64985749524,4.4499999999999676e-06
1.0133374910272102,0.6276035807468279,-0.05206133340600652,149339.6188447178,4.4599999999999675e-06
1.0125213955235335,0.6288495575083798,-0.052169787152330165,149339.5877662227,4.469999999999967e-06
1.0117036737508154,0.6300944719119104,-0.052278186776844655,149339.55662202786,4.479999999999967e-06
1.0108843270604553,0.6313383218191124,-0.05238653218480963,149339.52541215112,4.489999999999967e-06
1.010063356806622,0.6325811050932966,-0.052494823281549,149339.49413661042,4.499999999999967e-06
1.0092407643462518,0.6338228195993945,-0.052603059972451,149339.46279542372,4.509999999999967e-06
1.008416551039047,0.6350634632039626,-0.05271124216296827,149339.43138860905,4.519999999999967e-06
1.0075907182474748,0.6363030337751854,-0.052819369758617896,149339.39991618448,4.529999999999967e-06
1.0067632673367641,0.637541529182879,-0.05292744266498151,149339.36837816812,4.539999999999967e-06
1.0059341996749054,0.6387789472984946,-0.05303546078770534,149339.33677457809,4.549999999999967e-06
1.005103516632648,0.6400152859951219,-0.05314342403250024,149339.30510543258,4.5599999999999665e-06
1.0042712195834995,0.6412505431474925,-0.053251332305141806,149339.2733707498,4.569999999999966e-06
1.0034373099037226,0.6424847166319836,-0.05335918551147041,149339.2415705481,4.579999999999966e-06
1.0026017889723347,0.6437178043266211,-0.05346698355739128,149339.2097048457,4.589999999999966e-06
1.0017646581711055,0.6449498041110833,-0.05357472634887455,149339.17777366104,4.599999999999966e-06
1.0009259188845556,0.6461807138667043,-0.05368241379195533,149339.14577701245,4.609999999999966e-06
1.0000855724999547,0.6474105314764775,-0.05379004579273378,149339.11371491844,4.619999999999966e-06
0.9992436204073195,0.6486392548250591,-0.053897622257375155,149339.08158739746,4.629999999999966e-06
0.9984000639994131,0.6498668817987713,-0.05400514309210987,149339.04939446805,4.639999999999966e-06
0.9975549046717419,0.651093410285606,-0.05411260820323358,149339.0171361488,4.649999999999966e-06
0.9967081438225549,0.6523188381752282,-0.054220017497107253,149338.98481245828,4.6599999999999655e-06
0.9958597828528415,0.6535431633589793,-0.05432737088015719,149338.9524234152,4.6699999999999655e-06
0.9950098231663298,0.6547663837298808,-0.05443466825887513,149338.91996903825,4.679999999999965e-06
0.9941582661694851,0.6559884971826376,-0.05454190953981829,149338.8874493462,4.689999999999965e-06
0.9933051132715078,0.6572095016136416,-0.054649094629609436,149338.8548643578,4.699999999999965e-06
0.992450365884332,0.6584293949209746,-0.05475622343493696,149338.8222140919,4.709999999999965e-06
0.9915940254226235,0.6596481750044126,-0.05486329586255492,149338.78949856738,4.719999999999965e-06
0.9907360933037784,0.6608658397654286,-0.05497031181928312,149338.75671780316,4.729999999999965e-06
0.9898765709479208,0.6620823871071961,-0.05507727121200716,149338.7238718182,4.739999999999965e-06
0.9890154597779015,0.6632978149345932,-0.05518417394767851,149338.6909606315,4.749999999999965e-06
0.9881527612192961,0.6645121211542049,-0.05529101993331457,149338.65798426213,4.759999999999965e-06
0.987288476700403,0.6657253036743276,-0.05539780907599873,149338.62494272916,4.7699999999999645e-06
0.9864226076522422,0.666937360404972,-0.05550454128288044,149338.59183605175,4.779999999999964e-06
0.9855551555085529,0.6681482892578666,-0.055611216461175256,149338.55866424908,4.789999999999964e-06
0.9846861217057921,0.6693580881464612,-0.05571783451816493,149338.52542734036,4.799999999999964e-06
0.9838155076831325,0.6705667549859305,-0.05582439536119745,149338.49212534487,4.809999999999964e-06
0.9829433148824612,0.671774287693177,-0.05593089889768711,149338.45875828192,4.819999999999964e-06
0.9820695447483776,0.6729806841868351,-0.05603734503511457,149338.42532617087,4.829999999999964e-06
0.9811941987281914,0.6741859423872741,-0.05614373368102693,149338.3918290311,4.839999999999964e-06
0.980317278271921,0.6753900602166019,-0.05625006474303777,149338.3582668821,4.849999999999964e-06
0.9794387848322922,0.6765930355986679,-0.056356338128827246,149338.3246397433,4.859999999999964e-06
0.9785587198647353,0.6777948664590673,-0.05646255374614211,149338.2909476343,4.8699999999999635e-06
0.9776770848273842,0.6789955507251437,-0.05656871150279581,149338.2571905746,4.8799999999999634e-06
0.9767938811810744,0.6801950863259931,-0.05667481130666853,149338.22336858386,4.889999999999963e-06
0.9759091103893407,0.6813934711924671,-0.05678085306570726,149338.18948168174,4.899999999999963e-06
0.9750227739184161,0.682590703257176,-0.05688683668792586,149338.15552988794,4.909999999999963e-06
0.9741348732372294,0.6837867804544929,-0.05699276208140511,149338.12151322223,4.919999999999963e-06
0.9732454098174035,0.6849817007205566,-0.05709862915429279,149338.0874317044,4.929999999999963e-06
0.9723543851332539,0.6861754619932754,-0.057204437814803735,149338.05328535425,4.939999999999963e-06
0.9714618006617864,0.68736806221233,-0.05731018797121988,149338.01907419172,4.949999999999963e-06
0.9705676578826955,0.6885594993191775,-0.05741587953189035,149337.9847982367,4.959999999999963e-06
0.9696719582783625,0.6897497712570544,-0.0575215124052315,149337.95045750917,4.969999999999963e-06
0.9687747033338535,0.6909388759709802,-0.05762708649972699,149337.91605202915,4.9799999999999625e-06
0.9678758945369179,0.6921268114077609,-0.057732601723927836,149337.8815818167,4.989999999999962e-06
